<core:View xmlns:core="sap.ui.core" xmlns:mvc="sap.ui.core.mvc"
	xmlns:l="sap.ui.layout" xmlns:u="sap.ui.unified" xmlns:form="sap.ui.layout.form"
	xmlns="sap.m" xmlns:vbm="sap.ui.vbm" xmlns:f="sap.f" controllerName="ui.bolDashboard"
	xmlns:fb="sap.ui.comp.filterbar" xmlns:vm="sap.ui.comp.variants"
	xmlns:html="http://www.w3.org/1999/xhtml">
	<Page id="sapBOLPage">
		<customHeader>
			<Bar>
				<contentLeft>
					<Button icon="sap-icon://home">
					</Button>
					<Image src="./images/sap_logo.png">
					</Image>
				</contentLeft>

				<contentMiddle>
					<Title text="SAP TM Bill of Lading"></Title>
				</contentMiddle>

				<contentRight>
					<Button icon="sap-icon://person-placeholder">
					</Button>
					<Button text="Alice Jacob" icon="sap-icon://navigation-down-arrow"
						iconFirst="false" />
				</contentRight>
			</Bar>
		</customHeader>
		<content>

			<f:DynamicPage id="dynamicPageId" 
				showFooter="false">
				<!-- DynamicPage Title -->
				<f:title>
					<f:DynamicPageTitle>
						<f:heading>
							<Title id="sapTMBOLCountText" text="{path:'/results', formatter:'utils.Formatter.getTotalCountFormatter'}">
							</Title>
						</f:heading>
						<f:actions>
							<Button type="Emphasized" text="New Bill of Lading" press="fnPressNewBillOfLading" />
						</f:actions>
					</f:DynamicPageTitle>
				</f:title>
				<!-- DynamicPage Header -->
				<f:header>
					<f:DynamicPageHeader pinnable="true">
						<f:content>
							<fb:FilterBar reset="onReset" search="onSearch"
								useToolbar="false" showGoOnFB="true">
								<fb:filterItems>
									<fb:FilterItem name="A" label="Search">
										<fb:control>
											<SearchField showSearchButton="false"
												placeholder="">
											</SearchField>
										</fb:control>
									</fb:FilterItem>
									<fb:FilterItem name="B" label="Category">
										<fb:control>
											<Select id="slCategory" change="onSelectChange"
												forceSelection="true"
												items="{
                                                    path: '/ProductCategories'
                                                 }">
												<core:Item key="{key}" text="{name}" />
											</Select>
										</fb:control>
									</fb:FilterItem>
								</fb:filterItems>
							</fb:FilterBar>
						</f:content>
					</f:DynamicPageHeader>
				</f:header>

				<!-- DynamicPage Content -->
				<f:content>

					<l:Grid class="sapGrid" id="sapBOLTilesGrid" content="{/results}">
						<l:content>

							<CustomTile class="sapCustomTile" press="fnPress"
								width="10rem" visible="{path:'status', formatter:'utils.Formatter.getColorForTileBasedOnStatus'}">
								<content>
									<l:VerticalLayout width="100%">
										<HBox alignItems="Center">
											<core:Icon class="sapKPIIcon sapUiSmallMarginBegin sapUiSmallMarginTop"
												src="sap-icon://customer" size="3rem"></core:Icon>
											<VBox width="100%">
												<Label text="{bolno}" class="sapDshopText sapUiSmallMarginTop" />
												<Label text="{status}" class="sapTitle" visible="{path:'status', formatter:'utils.Formatter.getColorForTextBasedOnStatus'}"/>
											</VBox>
										</HBox>

										<form:SimpleForm layout="ResponsiveGridLayout"
											labelSpanXL="4" labelSpanL="4" labelSpanM="4" labelSpanS="4"
											class="sapUiTinyMarginTop sapFormBackground">
											<form:content>
												<Label text="Shipper" class="sapKPIIcon">
												</Label>
												<Text class="sapCustomTileText sapKPIIcon" text="{shipper/name}">
												</Text>
												<Label text="Consignee" class="sapKPIIcon">
												</Label>
												<Text class="sapCustomTileText sapKPIIcon" text="{consignee/name}">
												</Text>
												<Label text="Carrier" class="sapKPIIcon">
												</Label>
												<Text class="sapCustomTileText sapKPIIcon" text="{carrier/name}">
												</Text>
												<Label text="Owner" class="sapKPIIcon">
												</Label>
												<Text text="{shipper/name}" class="sapKPIIcon">
												</Text>
											</form:content>
										</form:SimpleForm>
										<HBox alignItems="End" justifyContent="End">
											<Button icon="sap-icon://complete" text="Complete"
												type="Transparent" class="sapButtonIcon" visible="{path:'status', formatter:'utils.Formatter.setVisibityOfActionsBasedOnStatus'}"/>
											<Button icon="sap-icon://user-edit" text="Transfer"
												type="Transparent" class="sapButtonIcon" visible="{path:'status', formatter:'utils.Formatter.setVisibityOfActionsBasedOnStatus'}" />
										</HBox>
									</l:VerticalLayout>

								</content>
								<layoutData>
									<l:GridData span="XL4 L4 M6 S12" />
								</layoutData>
							</CustomTile>
						</l:content>
					</l:Grid>
				</f:content>

				<!-- DynamicPage Footer -->
				<f:footer>
					<OverflowToolbar>
						<ToolbarSpacer />
						<Button type="Transparent" text="New Bill Of Lading" />
					</OverflowToolbar>
				</f:footer>
			</f:DynamicPage>
		</content>
	</Page>
</core:View>