<mvc:View controllerName="ui.bolDetail" xmlns:html="http://www.w3.org/1999/xhtml" xmlns:mvc="sap.ui.core.mvc" xmlns="sap.m"
              xmlns:f="sap.ui.layout.form" xmlns:core="sap.ui.core" xmlns:l="sap.ui.layout" xmlns:z="sap.suite.ui.commons" height="100%">
              <Page title="{first>/bolno}" showNavButton="true" navButtonPress="pressnav">
                             <content>
                                           <Label text="Ownership Trail" design="Bold" class="sapUiMediumMarginBegin sapUiTinyMarginTop"></Label>
                                           <z:ProcessFlow id="processflow1" scrollable="false" foldedCorners="true">
                                                          <z:lanes>
                                                                        <z:ProcessFlowLaneHeader iconSrc="sap-icon://employee" text="Fruitexport Brazil" position="0"/>
                                                                        <z:ProcessFlowLaneHeader iconSrc="sap-icon://employee" text="Agricexpimp" position="1"/>
                                                                        <z:ProcessFlowLaneHeader iconSrc="sap-icon://employee" text="Groctrade" position="2"/>
                                                                        <z:ProcessFlowLaneHeader iconSrc="sap-icon://employee" text="Freshmarket" position="3"/>
                                                          </z:lanes>
                                           </z:ProcessFlow>
                                           <l:Grid class="sapUiSmallMarginTop" defaultSpan="L3 M6 S12">
                                                          <Panel class="panelFormat3">
                                                                        <!--<VBox class="sapCustomTilenew">-->
                                                                        <headerToolbar>
                                                                                      <Toolbar class="toolbarFormat1">
                                                                                                     <ToolbarSpacer/>
                                                                                                     <core:Icon size="2rem" src="sap-icon://receipt" class="sapKPIIconnew sapUiSmallMarginBegin sapUiSmallMarginBottomTop"/>
                                                                                                     <Title id="BoLDetails3" text="BoL Details" level="H6" titleStyle="H5" class="sapDshopTextnew sapUiTinyMarginTop sapUiTinyMarginBegin"/>
                                                                                                     <ToolbarSpacer/>
                                                                                      </Toolbar>
                                                                        </headerToolbar>
                                                                        <VBox class="txtbg">
                                                                                      <HBox>
                                                                                                     <core:Icon size="1.4rem" src="sap-icon://receipt" class="sapKPIIconnew1 sapUiSmallMarginBegin sapUiTinyMarginTopBottom"/>
                                                                                                     <VBox class="sapUiTinyMarginTopBottom sapUiMediumMarginBegin">
                                                                                                                   <Label text="BOL No" textAlign="Center" class="sapTitlenew"/>
                                                                                                                   <Text text="{first>/bolno}" id="text1" class="sapTitlenew"/>
                                                                                                     </VBox>
                                                                                      </HBox>
                                                                                      <HBox>
                                                                                                     <core:Icon size="1.6rem" src="sap-icon://sales-order" class="sapKPIIconnew1 sapUiSmallMarginBegin sapUiTinyMarginTopBottom"/>
                                                                                                     <VBox class="sapUiTinyMarginTopBottom sapUiMediumMarginBegin">
                                                                                                                   <Label text="order No" class="sapTitlenew"/>
                                                                                                                   <Text text="{first>/orderno}" class="sapTitlenew"/>
                                                                                                     </VBox>
                                                                                      </HBox>
                                                                                      <HBox>
                                                                                                     <core:Icon size="1.5rem" src="sap-icon://date-time" class="sapKPIIconnew1 sapUiSmallMarginBegin sapUiTinyMarginTopBottom"/>
                                                                                                     <VBox class="sapUiTinyMarginTopBottom sapUiMediumMarginBegin">
                                                                                                                   <Label text="Date of Loading" class="sapTitlenew"/>
                                                                                                                   <Text text="{first>/dateOfLoading}" class="sapTitlenew"/>
                                                                                                     </VBox>
                                                                                      </HBox>
                                                                                      <HBox>
                                                                                                     <core:Icon size="1.5rem" src="sap-icon://date-time" class="sapKPIIconnew1 sapUiSmallMarginBegin sapUiTinyMarginTopBottom"/>
                                                                                                     <VBox class="sapUiTinyMarginTopBottom sapUiMediumMarginBegin">
                                                                                                                   <Label text="Date of Discharge" class="sapTitlenew"/>
                                                                                                                   <Text text="{first>/dateOfDischarge}" class="sapTitlenew"/>
                                                                                                     </VBox>
                                                                                      </HBox>
                                                                                      <HBox>
                                                                                                     <core:Icon size="1.5rem" src="sap-icon://cart-3" press="portofload" class="sapKPIIconnew1 sapUiSmallMarginBegin sapUiTinyMarginTopBottom"/>
                                                                                                     <VBox class="sapUiTinyMarginTopBottom sapUiMediumMarginBegin">
                                                                                                                   <Label text="Port of Load" class="sapTitlenew"/>
                                                                                                                   <Text text="{first>/portOfLoading}" class="sapTitlenew"/>
                                                                                                     </VBox>
                                                                                      </HBox>
                                                                                      <HBox>
                                                                                                     <core:Icon size="1.5rem" src="sap-icon://cart-2" press="portofload" class="sapKPIIconnew1 sapUiSmallMarginBegin sapUiTinyMarginTopBottom"/>
                                                                                                     <VBox class="sapUiTinyMarginTopBottom sapUiMediumMarginBegin">
                                                                                                                   <Label text="Port of Discharge" class="sapTitlenew"/>
                                                                                                                   <Text text="{first>/portOfDischarge}" class="sapTitlenew"/>
                                                                                                     </VBox>
                                                                                      </HBox>
                                                                                      <HBox>
                                                                                                     <core:Icon size="1.5rem" src="sap-icon://lead" press="portofload" class="sapKPIIconnew1 sapUiSmallMarginBegin sapUiTinyMarginTopBottom"/>
                                                                                                     <VBox class="sapUiTinyMarginTopBottom sapUiMediumMarginBegin">
                                                                                                                   <Label text="Freight Charge Trems" class="sapTitlenew"/>
                                                                                                                   <Text text="{first>/chargeTerms}" class="sapTitlenew"/>
                                                                                                     </VBox>
                                                                                      </HBox>
                                                                        </VBox>
                                                                        <!--</VBox>-->
                                                          </Panel>
                                                          <Panel class="panelFormat3">
                                                                        <headerToolbar>
                                                                                      <Toolbar class="toolbarFormat1">
                                                                                                     <ToolbarSpacer/>
                                                                                                     <core:Icon size="2rem" src="sap-icon://shipping-status" class="sapKPIIconnew sapUiSmallMarginBegin sapUiSmallMarginBottomTop"/>
                                                                                                     <Title id="BoLDetails" text="Carrier Details" level="H5" titleStyle="H5" class="sapDshopTextnew sapUiTinyMarginTop sapUiTinyMarginBegin"/>
                                                                                                     <ToolbarSpacer/>
                                                                                      </Toolbar>
                                                                        </headerToolbar>
                                                                        <VBox class="txtbg">
                                                                                      <HBox>
                                                                                                     <core:Icon size="1.5rem" src="sap-icon://employee" class="sapKPIIconnew1 sapUiSmallMarginBegin sapUiTinyMarginTopBottom"/>
                                                                                                     <VBox class="sapUiTinyMarginTopBottom sapUiMediumMarginBegin">
                                                                                                                   <Label text="Name" class="sapTitlenew"/>
                                                                                                                   <Text text="{first>/carrier/name}" class="sapTitlenew"/>
                                                                                                     </VBox>
                                                                                      </HBox>
                                                                                      <HBox>
                                                                                                     <core:Icon size="1.5rem" src="sap-icon://addresses" class="sapKPIIconnew1 sapUiSmallMarginBegin sapUiTinyMarginTopBottom"/>
                                                                                                     <VBox class="sapUiTinyMarginTopBottom sapUiMediumMarginBegin">
                                                                                                                   <Label text="Address" class="sapTitlenew"/>
                                                                                                                   <Text text="{first>/carrier/address/line1}" id="carrieraddress" class="sapTitlenew" maxLines="1"/>
                                                                                                     </VBox>
                                                                                      </HBox>
                                                                                      <HBox>
                                                                                                     <core:Icon size="1.5rem" src="sap-icon://building" class="sapKPIIconnew1 sapUiSmallMarginBegin sapUiTinyMarginTopBottom"/>
                                                                                                     <VBox class="sapUiTinyMarginTopBottom sapUiMediumMarginBegin">
                                                                                                                   <Label text="City" class="sapTitlenew"/>
                                                                                                                   <Text text="{first>/carrier/address/city}" class="sapTitlenew"/>
                                                                                                     </VBox>
                                                                                      </HBox>
                                                                                      <HBox>
                                                                                                     <core:Icon size="1.5rem" src="sap-icon://map-2" class="sapKPIIconnew1 sapUiSmallMarginBegin sapUiTinyMarginTopBottom"/>
                                                                                                     <VBox class="sapUiTinyMarginTopBottom sapUiMediumMarginBegin">
                                                                                                                   <Label text="State" class="sapTitlenew"/>
                                                                                                                   <Text text="{first>/carrier/address/state}" class="sapTitlenew"/>
                                                                                                     </VBox>
                                                                                      </HBox>
                                                                                      <HBox>
                                                                                                     <core:Icon size="1.5rem" src="sap-icon://map" class="sapKPIIconnew1 sapUiSmallMarginBegin sapUiTinyMarginTopBottom"/>
                                                                                                     <VBox class="sapUiTinyMarginTopBottom sapUiMediumMarginBegin">
                                                                                                                   <Label text="Zipcode" class="sapTitlenew"/>
                                                                                                                   <Text text="{first>/carrier/address/zipcode}" class="sapTitlenew"/>
                                                                                                     </VBox>
                                                                                      </HBox>
                                                                                      <HBox>
                                                                                                     <core:Icon size="1.5rem" src="sap-icon://world" class="sapKPIIconnew1 sapUiSmallMarginBegin sapUiTinyMarginTopBottom"/>
                                                                                                     <VBox class="sapUiTinyMarginTopBottom sapUiMediumMarginBegin">
                                                                                                                   <Label text="Country" class="sapTitlenew"/>
                                                                                                                   <Text text="{first>/carrier/address/country}" class="sapTitlenew"/>
                                                                                                     </VBox>
                                                                                      </HBox>
                                                                                      <HBox>
                                                                                                     <core:Icon size="1.5rem" src="sap-icon://ipad" class="sapKPIIconnew1 sapUiSmallMarginBegin sapUiTinyMarginTopBottom"/>
                                                                                                     <VBox class="sapUiTinyMarginTopBottom sapUiMediumMarginBegin">
                                                                                                                   <Label text="Contact No" class="sapTitlenew"/>
                                                                                                                   <Text text="{first>/carrier/address/contactInfo/phone}" class="sapTitlenew"/>
                                                                                                     </VBox>
                                                                                      </HBox>
                                                                        </VBox>
                                                          </Panel>
                                                          <Panel class="panelFormat3">
                                                                        <headerToolbar>
                                                                                      <Toolbar class="toolbarFormat1">
                                                                                                     <ToolbarSpacer/>
                                                                                                     <core:Icon size="2rem" src="sap-icon://employee" class="sapKPIIconnew sapUiSmallMarginBegin sapUiSmallMarginBottomTop"/>
                                                                                                     <Title id="BoLDetails1" text="Shipper Details" level="H5" titleStyle="H5" class="sapDshopTextnew sapUiTinyMarginTop sapUiTinyMarginBegin"/>
                                                                                                     <ToolbarSpacer/>
                                                                                      </Toolbar>
                                                                        </headerToolbar>
                                                                        <VBox class="txtbg">
                                                                                      <HBox>
                                                                                                     <core:Icon size="1.5rem" src="sap-icon://employee" class="sapKPIIconnew1 sapUiSmallMarginBegin sapUiTinyMarginTopBottom"/>
                                                                                                     <VBox class="sapUiTinyMarginTopBottom sapUiMediumMarginBegin">
                                                                                                                   <Label text="Name" class="sapTitlenew"/>
                                                                                                                   <Text text="{first>/shipper/name}" class="sapTitlenew"/>
                                                                                                     </VBox>
                                                                                      </HBox>
                                                                                      <HBox>
                                                                                                     <core:Icon size="1.5rem" src="sap-icon://addresses" class="sapKPIIconnew1 sapUiSmallMarginBegin sapUiTinyMarginTopBottom"/>
                                                                                                     <VBox class="sapUiTinyMarginTopBottom sapUiMediumMarginBegin">
                                                                                                                   <Label text="Address" class="sapTitlenew"/>
                                                                                                                   <Text text="{first>/shipper/address/line1}" id="shipperaddress" class="sapTitlenew" maxLines="1"/>
                                                                                                     </VBox>
                                                                                      </HBox>
                                                                                      <HBox>
                                                                                                     <core:Icon size="1.5rem" src="sap-icon://building" class="sapKPIIconnew1 sapUiSmallMarginBegin sapUiTinyMarginTopBottom"/>
                                                                                                     <VBox class="sapUiTinyMarginTopBottom sapUiMediumMarginBegin">
                                                                                                                   <Label text="City" class="sapTitlenew"/>
                                                                                                                   <Text text="{first>/shipper/address/city}" class="sapTitlenew"/>
                                                                                                     </VBox>
                                                                                      </HBox>
                                                                                      <HBox>
                                                                                                     <core:Icon size="1.5rem" src="sap-icon://map-2" class="sapKPIIconnew1 sapUiSmallMarginBegin sapUiTinyMarginTopBottom"/>
                                                                                                     <VBox class="sapUiTinyMarginTopBottom sapUiMediumMarginBegin">
                                                                                                                   <Label text="State" class="sapTitlenew"/>
                                                                                                                   <Text text="{first>/shipper/address/state}" class="sapTitlenew"/>
                                                                                                     </VBox>
                                                                                      </HBox>
                                                                                      <HBox>
                                                                                                     <core:Icon size="1.5rem" src="sap-icon://map" class="sapKPIIconnew1 sapUiSmallMarginBegin sapUiTinyMarginTopBottom"/>
                                                                                                     <VBox class="sapUiTinyMarginTopBottom sapUiMediumMarginBegin">
                                                                                                                   <Label text="Zipcode" class="sapTitlenew"/>
                                                                                                                   <Text text="{first>/shipper/address/zipcode}" class="sapTitlenew"/>
                                                                                                     </VBox>
                                                                                      </HBox>
                                                                                      <HBox>
                                                                                                     <core:Icon size="1.5rem" src="sap-icon://world" class="sapKPIIconnew1 sapUiSmallMarginBegin sapUiTinyMarginTopBottom"/>
                                                                                                     <VBox class="sapUiTinyMarginTopBottom sapUiMediumMarginBegin">
                                                                                                                   <Label text="Country" class="sapTitlenew"/>
                                                                                                                   <Text text="{first>/shipper/address/country}" class="sapTitlenew"/>
                                                                                                     </VBox>
                                                                                      </HBox>
                                                                                      <HBox>
                                                                                                     <core:Icon size="1.5rem" src="sap-icon://ipad" class="sapKPIIconnew1 sapUiSmallMarginBegin sapUiTinyMarginTopBottom"/>
                                                                                                     <VBox class="sapUiTinyMarginTopBottom sapUiMediumMarginBegin">
                                                                                                                   <Label text="Contact No" class="sapTitlenew"/>
                                                                                                                   <Text text="{first>/shipper/address/contactInfo/phone}" class="sapTitlenew"/>
                                                                                                     </VBox>
                                                                                      </HBox>
                                                                        </VBox>
                                                          </Panel>
                                                          <Panel class="panelFormat3">
                                                                        <headerToolbar>
                                                                                      <Toolbar class="toolbarFormat1">
                                                                                                     <ToolbarSpacer/>
                                                                                                     <core:Icon size="2rem" src="sap-icon://customer" class="sapKPIIconnew sapUiSmallMarginBegin sapUiSmallMarginBottomTop"/>
                                                                                      <Title id="BoLDetails2" text="Consignee Details" level="H5" titleStyle="H5" class="sapDshopTextnew sapUiTinyMarginTop sapUiTinyMarginBegin"/>
                                                                                                     <ToolbarSpacer/>
                                                                                      </Toolbar>
                                                                        </headerToolbar>
                                                                        <VBox class="txtbg">
                                                                                      <HBox>
                                                                                                     <core:Icon size="1.5rem" src="sap-icon://employee" class="sapKPIIconnew1 sapUiSmallMarginBegin sapUiTinyMarginTopBottom"/>
                                                                                                     <VBox class="sapUiTinyMarginTopBottom sapUiMediumMarginBegin">
                                                                                                                   <Label text="Name" class="sapTitlenew"/>
                                                                                                                   <Text text="{first>/consignee/name}" class="sapTitlenew"/>
                                                                                                     </VBox>
                                                                                      </HBox>
                                                                                      <HBox>
                                                                                                     <core:Icon size="1.5rem" src="sap-icon://addresses" class="sapKPIIconnew1 sapUiSmallMarginBegin sapUiTinyMarginTopBottom"/>
                                                                                                     <VBox class="sapUiTinyMarginTopBottom sapUiMediumMarginBegin">
                                                                                                                   <Label text="Address" class="sapTitlenew"/>
                                                                                                                   <Text text="{first>/consignee/address/line1}" id="consddress" class="sapTitlenew" maxLines="1"/>
                                                                                                     </VBox>
                                                                                      </HBox>
                                                                                      <HBox>
                                                                                                     <core:Icon size="1.5rem" src="sap-icon://building" class="sapKPIIconnew1 sapUiSmallMarginBegin sapUiTinyMarginTopBottom"/>
                                                                                                     <VBox class="sapUiTinyMarginTopBottom sapUiMediumMarginBegin">
                                                                                                                   <Label text="City" class="sapTitlenew"/>
                                                                                                                   <Text text="{first>/consignee/address/city}" class="sapTitlenew"/>
                                                                                                     </VBox>
                                                                                      </HBox>
                                                                                      <HBox>
                                                                                                     <core:Icon size="1.5rem" src="sap-icon://map-2" class="sapKPIIconnew1 sapUiSmallMarginBegin sapUiTinyMarginTopBottom"/>
                                                                                                     <VBox class="sapUiTinyMarginTopBottom sapUiMediumMarginBegin">
                                                                                                                   <Label text="State" class="sapTitlenew"/>
                                                                                                                   <Text text="{first>/consignee/address/state}" class="sapTitlenew"/>
                                                                                                     </VBox>
                                                                                      </HBox>
                                                                                      <HBox>
                                                                                                     <core:Icon size="1.5rem" src="sap-icon://map" class="sapKPIIconnew1 sapUiSmallMarginBegin sapUiTinyMarginTopBottom"/>
                                                                                                     <VBox class="sapUiTinyMarginTopBottom sapUiMediumMarginBegin">
                                                                                                                   <Label text="Zipcode" class="sapTitlenew"/>
                                                                                                                   <Text text="{first>/consignee/address/zipcode}" class="sapTitlenew"/>
                                                                                                     </VBox>
                                                                                      </HBox>
                                                                                      <HBox>
                                                                                                     <core:Icon size="1.5rem" src="sap-icon://world" class="sapKPIIconnew1 sapUiSmallMarginBegin sapUiTinyMarginTopBottom"/>
                                                                                                     <VBox class="sapUiTinyMarginTopBottom sapUiMediumMarginBegin">
                                                                                                                   <Label text="Country" class="sapTitlenew"/>
                                                                                                                   <Text text="{first>/consignee/address/country}" class="sapTitlenew"/>
                                                                                                     </VBox>
                                                                                      </HBox>
                                                                                      <HBox>
                                                                                                     <core:Icon size="1.5rem" src="sap-icon://ipad" class="sapKPIIconnew1 sapUiSmallMarginBegin sapUiTinyMarginTopBottom"/>
                                                                                                     <VBox class="sapUiTinyMarginTopBottom sapUiMediumMarginBegin">
                                                                                                                   <Label text="Contact No" class="sapTitlenew"/>
                                                                                                                   <Text text="{first>/consignee/address/contactInfo/phone}" class="sapTitlenew"/>
                                                                                                     </VBox>
                                                                                      </HBox>
                                                                        </VBox>
                                                          </Panel>
                                           </l:Grid>
                                           <l:Grid defaultSpan="L12 M12 S12" class=" sapUiSmallMarginBeginEnd sapCustomTilenew">
                                                          <Panel expandable="true" expanded="false" headerText="Container Details" width="auto" class="sapUiResponsiveMargin">
                                                                        <content>
                                                                                      <Table id="t1" items="{first>/container}">
                                                                                                     <columns>
                                                                                                                   <Column minScreenWidth="Tablet" demandPopin="true">
                                                                                                                                  <Text text="Item"/>
                                                                                                                   </Column>
                                                                                                                   <Column minScreenWidth="Tablet" demandPopin="true">
                                                                                                                                  <Text text="Quantity"/>
                                                                                                                   </Column>
                                                                                                                   <Column minScreenWidth="Tablet" demandPopin="true">
                                                                                                                                  <Text text="Type"/>
                                                                                                                   </Column>
                                                                                                                   <Column minScreenWidth="Tablet" demandPopin="true">
                                                                                                                                  <Text text="Weight"/>
                                                                                                                   </Column>
                                                                                                     </columns>
                                                                                                     <items>
                                                                                                                   <ColumnListItem>
                                                                                                                                 <cells>
                                                                                                                                                <ObjectIdentifier text="{first>ID}"/>
                                                                                                                                                <ObjectIdentifier text="{first>totalNo}"/>
                                                                                                                                                <Text text="{first>description}"/>
                                                                                                                                                <ObjectNumber number="{first>weight}"/>
                                                                                                                                 </cells>
                                                                                                                   </ColumnListItem>
                                                                                                     </items>
                                                                                      </Table>
                                                                        </content>
                                                          </Panel>
                                           </l:Grid>
                             </content>
                             <footer>
                                           <OverflowToolbar>
                                                          <ToolbarSpacer/>
                                                          <Button text="" icon="sap-icon://action" type="Transparent" class="sapButtonIcon"/>
                                                          <Button text="" icon="sap-icon://form" type="Transparent" class="sapButtonIcon"/>
                                                          <Button icon="sap-icon://user-edit" type="Transparent" class="sapButtonIcon"/>
                                           </OverflowToolbar>
                             </footer>
              </Page>
</mvc:View>