<mvc:View controllerName="ui.createBOL" xmlns:html="http://www.w3.org/1999/xhtml" xmlns:mvc="sap.ui.core.mvc"
	xmlns:l="sap.ui.layout" xmlns:f="sap.ui.layout.form" displayBlock="true" xmlns="sap.m" xmlns:core="sap.ui.core">
	<Page title="Create Bill of Lading" class="newpageBackground" showNavButton="true" navButtonPress="pressnav">
		<content id="creation">
			<l:Grid defaultSpan="L3 M6 S12" vSpacing="0">
				<Panel class="panelFormat2">
					<headerToolbar>
						<Toolbar class="toolbarFormat">
							<ToolbarSpacer/>
							<core:Icon src="sap-icon://receipt" size="2rem" class=" sapUiTinyMarginBottom sapKPIIcon"></core:Icon>
							<Title text="Bill of Lading " class="sapDshopText"/>
							<ToolbarSpacer/>
						</Toolbar>
					</headerToolbar>
					<f:SimpleForm id="formToolbar" class="formFormat">
						<f:content >
							<VBox class="vboxFormat">
								<HBox>
									<core:Icon size="1.5rem" src="sap-icon://receipt" class="sapUiTinyMarginTopBottom" ariaLabelledBy="bol"/>
									<Input id="BoLNo" type="Text" placeholder="BoL No" class="inputBoxFormatter" required="true" ariaLabelledBy="bol" value="">
										<layoutData>
											<l:GridData span="L5 M5 S8"/>
										</layoutData>
									</Input>
								</HBox>
								<HBox>
									<core:Icon size="1.5rem" src="sap-icon://sales-order" class="sapUiTinyMarginTopBottom "/>
									<Input id="orderNo" type="Number" class="inputBoxFormatter" placeholder="Order No" value="">
										<layoutData>
											<l:GridData span="L5 M5 S8"/>
										</layoutData>
									</Input>
								</HBox>
								<HBox>
									<core:Icon size="1.5rem" src="sap-icon://date-time" class="sapUiTinyMarginTopBottom " tooltip="Date of Loading"/>
									<DatePicker id="dateOfLoading" dateValue="{/date}" class="inputBoxFormatter" value="">
										<layoutData>
											<l:GridData span="L5 M5 S8"/>
										</layoutData>
									</DatePicker>
								</HBox>
								<HBox>
									<core:Icon size="1.5rem" src="sap-icon://date-time" class="sapUiTinyMarginTopBottom " tooltip="Date of Discharge"/>
									<DatePicker id="dateOfDischarge" class="inputBoxFormatter" value="">
										<layoutData>
											<l:GridData span="L5 M5 S8"/>
										</layoutData>
									</DatePicker>
								</HBox>
								<HBox>
									<core:Icon size="1.5rem" src="sap-icon://cart-3" class="sapUiTinyMarginTopBottom "/>
									<Input id="loadingPort" type="Text" class="inputBoxFormatter" placeholder="Port of Loading" value="">
										<layoutData>
											<l:GridData span="L5 M5 S8"/>
										</layoutData>
									</Input>
								</HBox>
								<HBox>
									<core:Icon size="1.5rem" src="sap-icon://cart-2" class="sapUiTinyMarginTopBottom "/>
									<Input id="dischargePort" type="Text" class="inputBoxFormatter" placeholder="Port of Discharge" value="">
										<layoutData>
											<l:GridData span="L5 M5 S8"/>
										</layoutData>
									</Input>
								</HBox>
								<HBox>
									<core:Icon size="1.5rem" src="sap-icon://lead" class="sapUiTinyMarginTopBottom " tooltip="Freight Term"/>
									<ComboBox placeholder="Freight Charge" class="comboboxFormatter" id="freightCharge" >
										<core:Item key="c" text="Charge"/>
										<core:Item key="p" text="Prepaid"/>
										<core:Item key="t" text="3rd Party"/>
									</ComboBox>
								</HBox>
							</VBox>
						</f:content>
					</f:SimpleForm>
				</Panel>
				<Panel class="panelFormat2">
					<headerToolbar >
						<Toolbar class="toolbarFormat">
							<ToolbarSpacer/>
							<core:Icon src="sap-icon://shipping-status" size="2rem" class="sapUiTinyMarginBottom sapKPIIcon"></core:Icon>
							<Title text="Carrier " class="sapDshopText"/>
							<ToolbarSpacer/>
						</Toolbar>
					</headerToolbar>
					<f:SimpleForm ariaLabelledBy="Carrier" class="formFormat">
						<f:content>
							<VBox>
								<HBox>
									<core:Icon size="1.5rem" src="sap-icon://employee" class="sapUiTinyMarginTopBottom "/>
									<Input id="carrierName" type="Text" class="inputBoxFormatter" placeholder="Carrier Name" value="">
										<layoutData>
											<l:GridData span="L5 M5 S8"/>
										</layoutData>
									</Input>
								</HBox>
								<HBox>
									<core:Icon size="1.5rem" src="sap-icon://addresses" class="sapUiTinyMarginTopBottom "/>
									<TextArea id="carrierAddress" placeholder="Carrier Address" rows="1" class="sapUiTinyMarginBegin textBoxFormatter" value=""></TextArea>
								</HBox>
								<HBox>
									<core:Icon size="1.5rem" src="sap-icon://building" class="sapUiTinyMarginTopBottom "/>
									<Input id="carrierCity" type="Text" class="inputBoxFormatter" placeholder="City" value="">
										<layoutData>
											<l:GridData span="L5 M5 S8"/>
										</layoutData>
									</Input>
								</HBox>
								<HBox>
									<core:Icon size="1.5rem" src="sap-icon://map-2" class="sapUiTinyMarginTopBottom "/>
									<Input id="carrierState" type="Text" class="inputBoxFormatter" placeholder="State" value="">
										<layoutData>
											<l:GridData span="L5 M5 S8"/>
										</layoutData>
									</Input>
								</HBox>
								<HBox>
									<core:Icon size="1.5rem" src="sap-icon://map" class="sapUiTinyMarginTopBottom "/>
									<Input id="carrierZip" type="Text" class="inputBoxFormatter" placeholder="Zipcode" value="">
										<layoutData>
											<l:GridData span="L5 M5 S8"/>
										</layoutData>
									</Input>
								</HBox>
								<HBox>
									<core:Icon size="1.5rem" src="sap-icon://world" class="sapUiTinyMarginTopBottom "/>
									<ComboBox items="{Country>/Countries}" placeholder="Country" class="comboboxFormatter" id="carrierCountry">
										<core:Item key="{Country>code}" text="{Country>name}"/>
									</ComboBox>
								</HBox>
								<HBox>
									<core:Icon size="1.5rem" src="sap-icon://ipad" class="sapUiTinyMarginTopBottom "/>
									<Input id="carrierContact" type="Number" class="inputBoxFormatter" placeholder="Contact No" value="">
										<layoutData>
											<l:GridData span="L5 M5 S8"/>
										</layoutData>
									</Input>
								</HBox>
							</VBox>
						</f:content>
					</f:SimpleForm>
				</Panel>
				<Panel class="panelFormat2">
					<headerToolbar>
						<Toolbar class="toolbarFormat">
							<ToolbarSpacer/>
							<core:Icon src="sap-icon://employee" size="2rem" class="sapUiTinyMarginBottom sapKPIIcon"></core:Icon>
							<Title text="Shipper " class="sapDshopText"/>
							<ToolbarSpacer/>
						</Toolbar>
					</headerToolbar>
					<f:SimpleForm class="formFormat">
						<f:content>
							<VBox>
								<HBox>
									<core:Icon size="1.5rem" src="sap-icon://employee" class="sapUiTinyMarginTopBottom "/>
									<Input id="shipperName" type="Text" class="inputBoxFormatter" placeholder="Shipper Name" value="">
										<layoutData>
											<l:GridData span="L5 M5 S8"/>
										</layoutData>
									</Input>
								</HBox>
								<HBox>
									<core:Icon size="1.5rem" src="sap-icon://addresses" class="sapUiTinyMarginTopBottom "/>
									<TextArea id="shipperAddress" placeholder="Shipper Address" rows="1" class="sapUiTinyMarginBegin textBoxFormatter"></TextArea>
								</HBox>
								<HBox>
									<core:Icon size="1.5rem" src="sap-icon://building" class="sapUiTinyMarginTopBottom "/>
									<Input id="shipperCity" type="Text" class="inputBoxFormatter" placeholder="City">
										<layoutData>
											<l:GridData span="L5 M5 S8"/>
										</layoutData>
									</Input>
								</HBox>
								<HBox>
									<core:Icon size="1.5rem" src="sap-icon://map-2" class="sapUiTinyMarginTopBottom "/>
									<Input id="shipperState" type="Text" class="inputBoxFormatter" placeholder="State">
										<layoutData>
											<l:GridData span="L5 M5 S8"/>
										</layoutData>
									</Input>
								</HBox>
								<HBox>
									<core:Icon size="1.5rem" src="sap-icon://map" class="sapUiTinyMarginTopBottom "/>
									<Input id="shipperZip" type="Text" class="inputBoxFormatter" placeholder="Zipcode">
										<layoutData>
											<l:GridData span="L5 M5 S8"/>
										</layoutData>
									</Input>
								</HBox>
								<HBox>
									<core:Icon size="1.5rem" src="sap-icon://world" class="sapUiTinyMarginTopBottom "/>
									<ComboBox items="{Country>/Countries}" placeholder="Country" class="comboboxFormatter" id="shipperCountry">
										<core:Item key="{Country>code}" text="{Country>name}"/>
									</ComboBox>
								</HBox>
								<HBox>
									<core:Icon size="1.5rem" src="sap-icon://ipad" class="sapUiTinyMarginTopBottom "/>
									<Input id="shipperContact" type="Number" class="inputBoxFormatter" placeholder="Contact No">
										<layoutData>
											<l:GridData span="L5 M5 S8"/>
										</layoutData>
									</Input>
								</HBox>
							</VBox>
						</f:content>
					</f:SimpleForm>
				</Panel>
				<Panel class="panelFormat2">
					<headerToolbar>
						<Toolbar class="toolbarFormat">
							<ToolbarSpacer/>
							<core:Icon src="sap-icon://customer" size="2rem" class="sapUiTinyMarginBottom sapKPIIcon"></core:Icon>
							<Title text="Consignee " class="sapDshopText"/>
							<ToolbarSpacer/>
						</Toolbar>
					</headerToolbar>
					<f:SimpleForm class="formFormat">
						<f:content>
							<VBox>
								<HBox>
									<core:Icon size="1.5rem" src="sap-icon://employee" class="sapUiTinyMarginTopBottom "/>
									<Input id="consigneeName" type="Text" class="inputBoxFormatter" placeholder="Consignee Name">
										<layoutData>
											<l:GridData span="L5 M5 S8"/>
										</layoutData>
									</Input>
								</HBox>
								<HBox>
									<core:Icon size="1.5rem" src="sap-icon://addresses" class="sapUiTinyMarginTopBottom "/>
									<TextArea id="consigneeAddress" placeholder="Consignee Address" rows="1" class="sapUiTinyMarginBegin textBoxFormatter"></TextArea>
								</HBox>
								<HBox>
									<core:Icon size="1.5rem" src="sap-icon://building" class="sapUiTinyMarginTopBottom "/>
									<Input id="consigneeCity" type="Text" class="inputBoxFormatter" placeholder="City">
										<layoutData>
											<l:GridData span="L5 M5 S8"/>
										</layoutData>
									</Input>
								</HBox>
								<HBox>
									<core:Icon size="1.5rem" src="sap-icon://map-2" class="sapUiTinyMarginTopBottom "/>
									<Input id="consigneeState" type="Text" class="inputBoxFormatter" placeholder="State">
										<layoutData>
											<l:GridData span="L5 M5 S8"/>
										</layoutData>
									</Input>
								</HBox>
								<HBox>
									<core:Icon size="1.5rem" src="sap-icon://map" class="sapUiTinyMarginTopBottom "/>
									<Input id="consigneeZip" type="Number" class="inputBoxFormatter" placeholder="Zipcode">
										<layoutData>
											<l:GridData span="L5 M5 S8"/>
										</layoutData>
									</Input>
								</HBox>
								<HBox>
									<core:Icon size="1.5rem" src="sap-icon://world" class="sapUiTinyMarginTopBottom "/>
									<ComboBox items="{Country>/Countries}" placeholder="Country" class="comboboxFormatter" id="consigneeCountry">
										<core:Item key="{Country>code}" text="{Country>name}"/>
									</ComboBox>
								</HBox>
								<HBox>
									<core:Icon size="1.5rem" src="sap-icon://ipad" class="sapUiTinyMarginTopBottom "/>
									<Input id="consigneeContact" type="Number" class="inputBoxFormatter" placeholder="Contact No">
										<layoutData>
											<l:GridData span="L5 M5 S8"/>
										</layoutData>
									</Input>
								</HBox>
							</VBox>
						</f:content>
					</f:SimpleForm>
				</Panel>
			</l:Grid>
		</content>
		<content>
			<Panel class="panelFormat">
				<Table id="container" class="tableHeaderFormat" mode="MultiSelect">
					<headerToolbar >
						<Toolbar>
							<Title text="Container " level="H6" textAlign="Center" class="sapDshopText"/>
							<ToolbarSpacer/>
							<Button type="Transparent" tooltip="Add Row" icon="sap-icon://add" press="addRow" class="sapButtonIcon"/>
							<Button icon="sap-icon://delete" tooltip="Delete Row" press="deleteRow" class="sapButtonIcon"/>
						</Toolbar>
					</headerToolbar>
					<columns >
						<Column hAlign="Center" minScreenWidth="Tablet" demandPopin="true">
							<Text text="Container ID"/>
						</Column>
						<Column hAlign="Center" minScreenWidth="Tablet" demandPopin="true">
							<Text text="Item"/>
						</Column>
						<Column hAlign="Center" minScreenWidth="Tablet" demandPopin="true">
							<Text text="Quantity"/>
						</Column>
						<Column hAlign="Center" minScreenWidth="Tablet" demandPopin="true">
							<Text text="Type"/>
						</Column>
						<Column hAlign="Center" minScreenWidth="Tablet" demandPopin="true">
							<Text text="Weight (in Kgs)"/>
						</Column>
						<Column hAlign="Center" minScreenWidth="Tablet" demandPopin="true">
							<Text text="Seal No"/>
						</Column>
						<Column width="0.1em" hAlign="Center"/>
					</columns>
					<items>
						<ColumnListItem class="rowFormat">
							<cells >
								<Input type="Text" class="inputBoxFormatter"/>
								<Input type="Text" class="inputBoxFormatter"/>
								<Input type="Number" class="inputBoxFormatter"/>
								<Input type="Text" class="inputBoxFormatter"/>
								<Input type="Number" class="inputBoxFormatter"/>
								<Input type="Number" class="inputBoxFormatter"/>
							</cells>
						</ColumnListItem>
						<ColumnListItem class="rowFormat">
							<cells >
								<Input type="Text" class="inputBoxFormatter"/>
								<Input type="Text" class="inputBoxFormatter"/>
								<Input type="Number" class="inputBoxFormatter"/>
								<Input type="Text" class="inputBoxFormatter"/>
								<Input type="Number" class="inputBoxFormatter"/>
								<Input type="Number" class="inputBoxFormatter"/>
							</cells>
						</ColumnListItem>
						<ColumnListItem class="rowFormat">
							<cells >
								<Input type="Text" class="inputBoxFormatter"/>
								<Input type="Text" class="inputBoxFormatter"/>
								<Input type="Number" class="inputBoxFormatter"/>
								<Input type="Text" class="inputBoxFormatter"/>
								<Input type="Number" class="inputBoxFormatter"/>
								<Input type="Number" class="inputBoxFormatter"/>
							</cells>
						</ColumnListItem>
					</items>
				</Table>
			</Panel>
		</content>
		<footer>
			<Toolbar>
				<ToolbarSpacer/>
				<Button text="Create" type="Accept" press="create"/>
				<Button text="Cancel" type="Reject" press="cancel"/>
			</Toolbar>
		</footer>
	</Page>
</mvc:View>