[  
   {  
      "bolno":"CMDU0000000003",
      "status":"Original",
      "portOfLoading":"DE ,  21129 Hamburg",
      "portOfDischarge":"US , NY 10003 New York",
      "dateOfLoading":"22/5/2017",
      "dateOfDischarge":"29/5/2017",
      "chargeTerms" : "Prepaid",
      "orderno"    :  "267534",
      "shipper":{  
         "name":"FruitExport Brazil",
         "address":{  
            "line1":"Módulo K SGAN Quadra 601, Instituto CNA",
            "line2":"",
            "city":"Brasília",
            "state":"Brasília",
            "country":"Brazil",
            "zipcode":"70830021",
            "contactInfo":{  
               "phone":"+49 40 / 5078-0",
               "email":""
            }
         }
      },
      "consignee":{  
         "name":"Sandra Impman",
         "address":{  
            "line1":"TOPS MARKETS, Attn: Consumer Affairs, PO Box 1027,Buffalo",
            "line2":"",
            "city":"Albany",
            "state":"NewYork",
            "country":"USA",
            "zipcode":"14240-1027",
            "contactInfo":{  
               "phone":"1-800-522-2522",
               "email":""
            }
         }
      },
      "carrier":{  
         "name":"Hamburg Süd Liner Services",
         "address":{  
            "line1":"Willy-Brandt-Straße 59-65",
            "line2":"",
            "city":"Hamburg",
            "state":" Sovereign State",
            "country":"Germany",
            "zipcode":"D-20457",
            "contactInfo":{  
               "phone":"+49 40 37050",
               "email":""
            }
         }
      },
      "container":[  
         {  
            "ID":"MAEU-8552381",
            "totalNo":"1",
            "description":"Banana",
            "weight":"30Kgs",
            "sealNo":""
         },
         {  
            "ID":"MAEU-8552382",
            "totalNo":"1",
            "description":"Oranges",
            "weight":"50kgs",
            "sealNo":""
         }
      ],
      "ownershiptrail":[  
         {  
            "name":"FruitExport Brazil",
            "date":"",
            "address":{  
               "line1":"",
               "line2":"",
               "city":"",
               "state":"",
               "country":"",
               "zipcode":""
            },
            "isOwner":false
         },
         {  
            "name":"AgricExpImp",
            "date":"",
            "address":{  
               "line1":"",
               "line2":"",
               "city":"",
               "state":"",
               "country":"",
               "zipcode":""
            },
            "isOwner":false
         },
            {  
            "name":"GrocTrade",
            "date":"",
            "address":{  
               "line1":"",
               "line2":"",
               "city":"",
               "state":"",
               "country":"",
               "zipcode":""
            },
            "isOwner":false
         },
           {  
            "name":"FreshMarket",
            "date":"",
            "address":{  
               "line1":"",
               "line2":"",
               "city":"",
               "state":"",
               "country":"",
               "zipcode":""
            },
            "isOwner":true
         }
      ],
      "canChangeOwner":true
   },
   {  
      "bolno":"88AC385",
      "status":"Trading",
      "portOfLoading":"NewYork Port, NewYork",
      "portOfDischarge":"Hamburg Port, Hamburg",
      "dateOfLoading":"27/5/2017",
      "dateOfDischarge":"30/5/2017",
      "chargeTerms" : "Prepaid",
      "shipper":{  
         "name":"Philips GmbH Market DACH",
         "address":{  
            "line1":"Röntgenstraße 24-26 Hamburg",
            "line2":"",
            "city":"",
            "state":"",
            "country":"Germany",
            "zipcode":"22335",
            "contactInfo":{  
               "phone":"+49 40 / 5078-0",
               "email":""
            }
         }
      },
      "consignee":{  
         "name":"TOPS Markets, LLC",
         "address":{  
            "line1":"TOPS MARKETS, Attn: Consumer Affairs, PO Box 1027,Buffalo",
            "line2":"",
            "city":"NewYork",
            "state":"",
            "country":"USA",
            "zipcode":"14240-1027",
            "contactInfo":{  
               "phone":"1-800-522-2522",
               "email":""
            }
         }
      },
      "carrier":{  
         "name":"Hamburg Süd Liner Services",
         "address":{  
            "line1":"Willy-Brandt-Straße 59-65",
            "line2":"",
            "city":"Hamburg",
            "state":"",
            "country":"Germany",
            "zipcode":"20457",
            "contactInfo":{  
               "phone":"+49 40 37050",
               "email":""
            }
         }
      },
      "container":[  
         {  
            "ID":"MAEU-8552381",
            "totalNo":"1",
            "description":"Sensors",
            "weight":"30Kgs",
            "sealNo":""
         },
         {  
            "ID":"MAEU-8552382",
            "totalNo":"1",
            "description":"Alarms",
            "weight":"50kgs",
            "sealNo":""
         }
      ],
      "ownershiptrail":[  
         {  
            "name":"",
            "date":"",
            "address":{  
               "line1":"",
               "line2":"",
               "city":"",
               "state":"",
               "country":"",
               "zipcode":""
            },
            "isOwner":true
         },
         {  
            "name":"",
            "date":"",
            "address":{  
               "line1":"",
               "line2":"",
               "city":"",
               "state":"",
               "country":"",
               "zipcode":""
            },
            "isOwner":false
         }
      ],
      "canChangeOwner":true
   }
]