[  
  
   {  
      "bolno":"HUMB00000001",
      "status":"Closed",
      "portOfLoading":"Hamburg Port, Hamburg",
      "portOfDischarge":"Xingang Port, Beiging",
      "dateOfLoading":"09/04/2017",
      "dateOfBOLCreation" : "05/04/2017",
      "dateOfDischarge":"30/4/2017",
      "chargeTerms" : "Prepaid",
      "shipper":{  
         "name":"Seimens Networks",
         "address":{  
            "line1":"Seimens AG, Munich",
            "line2":"",
            "city":"",
            "state":"",
            "country":"Germany",
            "zipcode":"D-80333",
            "contactInfo":{  
               "phone":"+49 89 636 00",
               "email":""
            }
         }
      },
      "consignee":{  
         "name":"TMALL, China",
         "address":{  
            "line1":"Jianguomenwai Avenue",
            "line2":"",
            "city":"Beiging",
            "state":"",
            "country":"China",
            "zipcode":"197867",
            "contactInfo":{  
               "phone":"8675589242992",
               "email":""
            }
         }
      },
      "carrier":{  
         "name":"Hapag-Lloyd",
         "address":{  
            "line1":"Ballindamm 25",
            "line2":"",
            "city":"Hamburg",
            "state":"",
            "country":"Germany",
            "zipcode":"D-20095",
            "contactInfo":{  
               "phone":"+49 40 29586",
               "email":""
            }
         }
      },
      "container":[  
         {  
            "ID":"MAEU-8558763",
            "totalNo":"1",
            "description":"RNC",
            "weight":"200Kgs",
            "sealNo":""
         },
         {  
            "ID":"MAEU-8552233",
            "totalNo":"1",
            "description":"Routers & Modems",
            "weight":"100kgs",
            "sealNo":""
         }
      ],
      "ownershiptrail":[  
         {  
            "name":"TMALL, China",
            "date":"05/04/2017",
	         "address":{  
	            "line1":"Jianguomenwai Avenue",
	            "line2":"",
	            "city":"Beiging",
	            "state":"",
	            "country":"China",
	            "zipcode":"197867",
	            "contactInfo":{  
	               "phone":"8675589242992",
	               "email":""
	            }
	         },
            "isOwner":false
         },
         {  
            "name":"Alibaba, China",
            "date":"12/04/2017",
	         "address":{  
	            "line1":"West Wen Yi",
	            "line2":"",
	            "city":"Beiging",
	            "state":"",
	            "country":"China",
	            "zipcode":"100015",
	            "contactInfo":{  
	               "phone":"861069854785",
	               "email":""
	            }
	         },
            "isOwner":false
         },
         {
         	"name":"Huawei, China",
         	"date":"15/04/2017",
	         "address":{  
	            "line1":"Haidian Qu",
	            "line2":"",
	            "city":"Beiging",
	            "state":"",
	            "country":"China",
	            "zipcode":"197867",
	            "contactInfo":{  
	               "phone":"861056984236",
	               "email":""
	            }
	         },
	         "isOwner":true
         }
      ],
      "canChangeOwner":true
   },
   {  
      "bolno":"HUMB00000002",
      "status":"Trading",
      "portOfLoading":"Hamburg Port, Hamburg",
      "portOfDischarge":"Mumbai Port, Mumbai",
      "dateOfLoading":"19/5/2017",
      "dateOfBOLCreation" : "15/5/2017",
      "dateOfDischarge":"30/6/2017",
      "chargeTerms" : "Prepaid",
      "shipper":{  
         "name":"Motorola Mobility",
         "address":{  
            "line1":"Telco Kreisel 1",
            "line2":"",
            "city":"Idstein",
            "state":"",
            "country":"Germany",
            "zipcode":"D-65510",
            "contactInfo":{  
               "phone":"+49 612622460",
               "email":""
            }
         }
      },
      "consignee":{  
         "name":"Micromax, Mumbai",
         "address":{  
            "line1":"Dadar East",
            "line2":"",
            "city":"Mumbai",
            "state":"",
            "country":"India",
            "zipcode":"560022",
            "contactInfo":{  
               "phone":"91 22 28079002",
               "email":""
            }
         }
      },
      "carrier":{  
         "name":"Hapag-Lloyd",
         "address":{  
            "line1":"Ballindamm 25",
            "line2":"",
            "city":"Hamburg",
            "state":"",
            "country":"Germany",
            "zipcode":"D-20095",
            "contactInfo":{  
               "phone":"+49 40 29586",
               "email":""
            }
         }
      },
      "container":[  
         {  
            "ID":"MAEU-774514",
            "totalNo":"1",
            "description":"Batteries",
            "weight":"100Kgs",
            "sealNo":""
         },
         {  
            "ID":"MAEU-8774515",
            "totalNo":"1",
            "description":"Chargers",
            "weight":"100kgs",
            "sealNo":""
         },
         {  
            "ID":"MAEU-8774516",
            "totalNo":"1",
            "description":"Chips",
            "weight":"10kgs",
            "sealNo":""
         }
      ],
      "ownershiptrail":[  
         {  
            "name":"Micromax, Mumbai",
	         "address":{  
	            "line1":"Dadar East",
	            "line2":"",
	            "city":"Mumbai",
	            "state":"",
	            "country":"India",
	            "zipcode":"560022",
	            "contactInfo":{  
	               "phone":"91 22 28079002",
	               "email":""
	            }
	         },
            "date":"15/05/2017",
            "isOwner":false
         },
         {  
            "name":"Karbonn Mobiles",
            "date":"22/05/2017",
	         "address":{  
	            "line1":"Bandra West",
	            "line2":"",
	            "city":"Mumbai",
	            "state":"",
	            "country":"India",
	            "zipcode":"560056",
	            "contactInfo":{  
	               "phone":"91 22 25875698",
	               "email":""
	            }
	         },
            "isOwner":false
         },
         {
         	"name":"Idea Mobiles",
         	"date":"30/05/2017",
	         "address":{  
	            "line1":"Bandra East",
	            "line2":"",
	            "city":"Mumbai",
	            "state":"",
	            "country":"India",
	            "zipcode":"560055",
	            "contactInfo":{  
	               "phone":"91 22 257856985",
	               "email":""
	            }
	         },
	         "isOwner":true
         }
      ],
      "canChangeOwner":true
   },
    {  
   "bolno":"HUMB00000003",
   "status":"Original",
   "portOfLoading":"Hamburg Port, Hamburg",
   "portOfDischarge":"NewYork Port, NewYork",
   "dateOfBOLCreation":"18/5/2017",
   "dateOfLoading":"20/5/2017",
   "dateOfDischarge":"12/6/2017",
   "chargeTerms":"Prepaid",
   "shipper":{  
      "name":"Philips GmbH Market DACH",
      "address":{  
         "line1":"Röntgenstraße 24-26 Hamburg",
         "line2":"",
         "city":"",
         "state":"",
         "country":"Germany",
         "zipcode":"D-22335",
         "contactInfo":{  
            "phone":"+49 40 / 5078-0",
            "email":""
         }
      }
   },
   "consignee":{  
      "name":"TOPS Markets, LLC",
      "address":{  
         "line1":"TOPS MARKETS, Consumer Affairs, PO Box 1027,Buffalo",
         "line2":"",
         "city":"NewYork",
         "state":"",
         "country":"USA",
         "zipcode":"14240-1027",
         "contactInfo":{  
            "phone":"1-800-522-2522",
            "email":""
         }
      }
   },
   "carrier":{  
      "name":"Hamburg Süd Liner Services",
      "address":{  
         "line1":"Willy-Brandt-Straße 59-65",
         "line2":"",
         "city":"Hamburg",
         "state":"",
         "country":"Germany",
         "zipcode":"20457",
         "contactInfo":{  
            "phone":"+49 40 37050",
            "email":""
         }
      }
   },
   "container":[  
      {  
         "ID":"MAEU-8552381",
         "totalNo":"1",
         "description":"Sensors",
         "weight":"30Kgs",
         "sealNo":""
      },
      {  
         "ID":"MAEU-8552382",
         "totalNo":"1",
         "description":"Alarms",
         "weight":"50kgs",
         "sealNo":""
      }
   ],
   "ownershiptrail":[  
      {  
         "name":"Philips GmbH Market DACH",
         "date":"18/5/2017",
         "address":{  
            "line1":"Röntgenstraße 24-26 Hamburg",
            "line2":"",
            "city":"",
            "state":"",
            "country":"Germany",
            "zipcode":"22335",
            "contactInfo":{  
               "phone":"+49 40 / 5078-0",
               "email":""
            },
            "isOwner":true
         }
      }
   ]
}
]