{ 	"Owner" : [{		"Name" : "Nestle",		"Logo": "model/logos/Nestle_logo.png"	},	{		"Name" : "Colgate",		"Logo" : "model/logos/Colgate_logo.png"	},	{		"Name" : "Nike",		"Logo" : "model/logos/Nike_logo.png"	},	{		"Name" : "Adidas",		"Logo" : "model/logos/Adidas_logo.png"	},	{		"Name" : "Asian Paints",		"Logo" : "model/logos/AsianPaints_logo.png" 	},	{		"Name" : "Cadbury",		"Logo" : "model/logos/Cadbury_logo.png"	},	{		"Name" : "Walmart",		"Logo" : "model/logos/Walmart_logo.jpg"	},	{		"Name" : "Flipkart",		"Logo" : "model/logos/Flipkart_logo.jpg"	},	{		"Name" : "Amazon",		"Logo" : "model/logos/Amazon_logo.jpg"	},	{		"Name" : "Gucci",		"Logo" : "model/logos/Gucci_logo.png"	},	{		"Name" : "And",		"Logo" : "model/logos/And_logo.png"	}		]}