<core:FragmentDefinition xmlns="sap.m" xmlns:t="sap.ui.table" xmlns:l="sap.ui.layout" xmlns:core="sap.ui.core" xmlns:u="sap.ui.unified"
	xmlns:f="sap.ui.layout.form">
	<Dialog draggable="true" resizable="true" class="createHighlightDialog" title="Transfer Ownership">
		<VBox class="sapUiSmallMargin">
			<Toolbar>
				<SearchField liveChange="onSearch" width="100%" class="searchBoxFormatter" id="search"/>
			</Toolbar>
			<List id="idList" items="{owner>/Owner}" selectionChange="onSelectionChange" mode="SingleSelectLeft" growing = "true" growingThreshold="3" growingScrollToLoad="false">
				<items>
					<StandardListItem title="{owner>Name}" class="listItemFormat" icon="{owner>Logo}"/>
				</items>
			</List>
		</VBox>
		<buttons>
			<Button text="Transfer" id="change" press="onChange" type="Accept" class="pos"/>
			<Button text="Cancel" id="cancel" press="onCancel" type="Reject" class="pos"/>
		</buttons>
	</Dialog>
</core:FragmentDefinition>